Parameter,Extraversion,Extraversion_p,Extraversion_n,Agreeableness,Agreeableness_p,Agreeableness_n,Conscientiousness,Conscientiousness_p,Conscientiousness_n,Neuroticism,Neuroticism_p,Neuroticism_n,Openness,Openness_p,Openness_n,Trait Anxiety,Trait Anxiety_p,Trait Anxiety_n
omega_0,0.08055129321616232,0.173550865573611,287,0.03298889278454667,0.5784837915873344,286,0.09246535789708918,0.11805815463498158,287,-0.06369661525165901,0.28216334529111436,287,0.1265935600507689,0.032344036044325286,286,-0.03747241267731341,0.5207449529408037,296
rho_0,-0.023563431250308013,0.690996637343414,287,0.10435317427507733,0.07809349677290914,286,-0.09045405755370502,0.12630486939721094,287,-0.036047649931891156,0.5430425628646115,287,0.05349616068434554,0.36738327869152804,286,-0.06715139165144512,0.24943273844740993,296
alpha_minus,-0.016971287815565558,0.7746654189365954,287,0.02291286545518412,0.69961118434541,286,0.020098465569410737,0.7345811780149798,287,0.02719787334464035,0.6463524751454268,287,-0.05737727284597755,0.3336015413789604,286,0.04279301760595091,0.4632780402753066,296
alpha_plus,0.18961373770439954,0.0012484608919234618,287,0.13250965799020356,0.02502486131042402,286,0.15951661442177079,0.006770017679121102,287,-0.1459688574209391,0.013310582682154425,287,-0.015906025492318798,0.7888269481107079,286,-0.1588965256488279,0.006151050280561118,296
sigma,0.02651290355674563,0.654676141167122,287,-0.02039225348630556,0.7313053091056306,286,-0.06838095599218762,0.24819554688298504,287,-0.030785139904892244,0.6034954844441015,287,0.012521076599840532,0.8330187305813256,286,-0.05220565066683537,0.37079240219675474,296
